,Sex,Length,Diameter,Height,Whole_weight,Shucked_weight,Viscera_weight,Shell_weight,prediction
0,M,0.255,0.195,0.065,0.08,0.0315,0.018,0.027,5.93
1,M,0.335,0.255,0.075,0.1635,0.0615,0.0345,0.057,7.56
2,M,0.54,0.425,0.12,0.817,0.2945,0.153,0.195,9.63
3,I,0.355,0.27,0.1,0.216,0.083,0.037,0.075,6.99
4,M,0.57,0.46,0.15,1.0375,0.5415,0.2035,0.25,8.96
5,I,0.425,0.34,0.105,0.389,0.2015,0.0905,0.088,7.12
6,F,0.57,0.45,0.15,0.9645,0.531,0.189,0.209,8.77
7,I,0.485,0.385,0.13,0.568,0.2505,0.178,0.154,8.24
8,I,0.275,0.195,0.065,0.106,0.054,0.02,0.028,5.13
9,I,0.55,0.425,0.15,0.639,0.269,0.1345,0.217,9.74
10,F,0.59,0.455,0.145,1.063,0.5155,0.2445,0.25,9.25
11,M,0.54,0.435,0.14,0.7345,0.33,0.1595,0.213,9.23
12,F,0.48,0.4,0.125,0.759,0.2125,0.179,0.24,13.31
13,I,0.56,0.445,0.165,1.0285,0.4535,0.253,0.275,10.16
14,M,0.565,0.435,0.185,1.032,0.354,0.2045,0.31,14.07
15,M,0.475,0.395,0.135,0.592,0.2465,0.1645,0.2,10.08
16,I,0.435,0.325,0.1,0.342,0.1335,0.0835,0.105,7.57
17,I,0.475,0.355,0.105,0.468,0.201,0.1115,0.12,7.63
18,M,0.645,0.52,0.175,1.636,0.779,0.342,0.432,10.77
19,I,0.445,0.355,0.095,0.3615,0.1415,0.0785,0.12,7.8
20,M,0.58,0.45,0.15,0.927,0.276,0.1815,0.36,15.21
21,M,0.62,0.505,0.185,1.5275,0.69,0.368,0.35,10.33
22,I,0.405,0.3,0.12,0.324,0.1265,0.07,0.11,7.9
23,F,0.57,0.435,0.14,0.8585,0.3905,0.196,0.2295,9.2
24,I,0.475,0.365,0.1,0.1315,0.2025,0.0875,0.123,7.19
25,M,0.74,0.57,0.18,1.8725,0.9115,0.427,0.446,10.91
26,F,0.6,0.475,0.135,1.4405,0.5885,0.191,0.3175,10.33
27,M,0.65,0.52,0.19,1.3445,0.519,0.306,0.4465,14.1
28,I,0.54,0.425,0.14,0.742,0.32,0.1395,0.25,9.89
29,F,0.405,0.325,0.11,0.3575,0.145,0.0725,0.11,9.18
30,I,0.58,0.46,0.14,0.8295,0.3915,0.165,0.238,9.22
31,I,0.555,0.425,0.18,0.875,0.3695,0.2005,0.255,10.4
32,F,0.55,0.43,0.14,0.7135,0.2565,0.186,0.225,10.99
33,M,0.755,0.58,0.205,2.0065,0.8295,0.4015,0.595,12.69
34,M,0.57,0.42,0.155,1.008,0.377,0.193,0.34,13.54
35,F,0.735,0.6,0.22,2.555,1.1335,0.44,0.6,11.86
36,M,0.525,0.415,0.135,0.7945,0.394,0.189,0.202,8.52
37,F,0.7,0.555,0.22,1.666,0.647,0.4285,0.455,11.53
38,M,0.525,0.4,0.14,0.7325,0.334,0.1575,0.17,8.48
39,M,0.335,0.26,0.075,0.22,0.0855,0.04,0.085,7.79
40,F,0.64,0.5,0.17,1.2645,0.565,0.3375,0.315,9.91
41,I,0.485,0.38,0.14,0.673,0.2175,0.13,0.195,10.72
42,F,0.57,0.445,0.145,0.8775,0.412,0.217,0.22,9.05
43,M,0.64,0.51,0.175,1.368,0.515,0.266,0.57,16.13
44,F,0.625,0.49,0.155,1.115,0.484,0.277,0.3095,9.96
45,I,0.475,0.34,0.105,0.4535,0.203,0.08,0.1465,7.77
46,F,0.605,0.47,0.16,1.0835,0.5405,0.2215,0.275,9.38
47,F,0.575,0.48,0.17,1.1,0.506,0.2485,0.31,9.98
48,F,0.55,0.43,0.125,0.923,0.4035,0.175,0.283,9.96
49,F,0.665,0.525,0.21,1.644,0.818,0.3395,0.4275,10.53
50,F,0.6,0.475,0.17,1.088,0.4905,0.2475,0.31,10.03
51,F,0.565,0.48,0.175,0.957,0.3885,0.215,0.275,10.75
52,F,0.605,0.475,0.145,1.0185,0.4695,0.225,0.27,9.45
53,I,0.44,0.355,0.12,0.495,0.231,0.11,0.125,7.61
54,F,0.7,0.575,0.17,1.31,0.5095,0.314,0.42,11.99
55,F,0.675,0.535,0.22,1.604,0.6175,0.4255,0.453,11.85
56,I,0.315,0.23,0.07,0.1145,0.046,0.0235,0.0385,5.85
57,I,0.44,0.345,0.13,0.4495,0.209,0.0835,0.134,7.88
58,M,0.605,0.47,0.115,1.114,0.3925,0.291,0.31,10.93
59,I,0.29,0.205,0.07,0.0975,0.036,0.019,0.035,5.52
60,M,0.595,0.47,0.155,1.2015,0.492,0.3865,0.265,9.6
61,M,0.55,0.45,0.17,0.81,0.317,0.157,0.22,10.59
62,I,0.51,0.405,0.135,0.769,0.3655,0.1585,0.18,8.37
63,M,0.515,0.4,0.14,0.6335,0.288,0.145,0.168,8.69
64,I,0.5,0.39,0.12,0.5955,0.2455,0.147,0.173,8.49
65,I,0.465,0.345,0.11,0.4415,0.1755,0.0905,0.12,7.8
66,M,0.58,0.465,0.16,1.0345,0.315,0.26,0.3635,15.11
67,F,0.665,0.535,0.19,1.496,0.5775,0.2815,0.475,13.93
68,M,0.61,0.48,0.15,1.2,0.56,0.2455,0.28,9.54
69,F,0.67,0.535,0.185,1.597,0.6275,0.35,0.47,12.2
70,I,0.57,0.44,0.15,0.755,0.3425,0.16,0.224,9.26
71,M,0.625,0.48,0.17,1.3555,0.671,0.268,0.3385,9.96
72,F,0.375,0.29,0.115,0.2705,0.093,0.066,0.0885,9.59
73,I,0.625,0.43,0.175,1.411,0.572,0.297,0.395,11.78
74,F,0.445,0.335,0.11,0.4355,0.2025,0.1095,0.1195,8.37
75,M,0.55,0.43,0.15,0.8745,0.413,0.1905,0.248,9.23
76,F,0.51,0.39,0.105,0.612,0.187,0.15,0.195,11.21
77,M,0.595,0.435,0.16,1.057,0.4255,0.224,0.31,11.06
78,I,0.4,0.315,0.09,0.3245,0.151,0.073,0.088,6.96
79,M,0.63,0.505,0.225,1.525,0.56,0.3335,0.45,14.74
80,I,0.44,0.35,0.12,0.375,0.1425,0.0965,0.115,8.13
81,M,0.71,0.575,0.215,2.009,0.9895,0.4475,0.502,11.14
82,I,0.495,0.375,0.14,0.494,0.181,0.0975,0.191,10.46
83,M,0.69,0.55,0.18,1.6915,0.6655,0.402,0.5,12.44
84,F,0.72,0.55,0.18,1.52,0.637,0.325,0.435,11.07
85,F,0.72,0.575,0.215,2.1,0.8565,0.4825,0.602,11.99
86,F,0.54,0.44,0.135,0.959,0.2385,0.221,0.3,14.75
87,M,0.35,0.275,0.11,0.2925,0.1225,0.0635,0.0905,8.57
88,M,0.63,0.47,0.145,1.1005,0.52,0.26,0.276,9.36
89,M,0.6,0.45,0.145,0.877,0.4325,0.155,0.24,8.94
90,F,0.595,0.48,0.2,0.975,0.358,0.2035,0.34,14.19
91,M,0.36,0.295,0.13,0.2765,0.0895,0.057,0.1005,10.34
92,I,0.27,0.195,0.065,0.1065,0.0475,0.0225,0.0285,5.12
93,I,0.48,0.38,0.125,0.6245,0.3395,0.1085,0.1665,7.75
94,M,0.71,0.55,0.2,1.9045,0.882,0.44,0.5,11.15
95,M,0.685,0.535,0.155,1.3845,0.6615,0.2145,0.4075,10.7
96,I,0.51,0.4,0.125,0.5935,0.239,0.13,0.204,9.31
97,I,0.53,0.405,0.12,0.632,0.2715,0.148,0.1875,8.58
98,I,0.455,0.335,0.105,0.4055,0.175,0.092,0.1185,7.58
99,M,0.625,0.495,0.155,1.0485,0.487,0.212,0.3215,10.1
100,F,0.635,0.475,0.15,1.1845,0.533,0.307,0.291,9.68
101,I,0.43,0.34,0.1,0.3405,0.1395,0.0665,0.12,7.77
102,F,0.75,0.565,0.215,1.938,0.7735,0.4825,0.575,12.03
103,M,0.56,0.425,0.135,0.849,0.3265,0.221,0.2645,10.67
104,M,0.28,0.21,0.08,0.1085,0.041,0.0265,0.0345,6.78
105,I,0.375,0.29,0.1,0.219,0.0925,0.038,0.075,7.09
106,F,0.705,0.55,0.17,1.219,0.6395,0.236,0.301,9.51
107,M,0.51,0.39,0.135,0.769,0.3935,0.1455,0.19,8.27
108,M,0.5,0.38,0.12,0.5765,0.273,0.135,0.145,8.18
109,I,0.375,0.275,0.1,0.2325,0.1165,0.042,0.065,6.71
110,M,0.675,0.525,0.16,1.2835,0.572,0.2755,0.3545,10.35
111,I,0.61,0.49,0.16,1.1545,0.5865,0.2385,0.2915,10.09
112,I,0.42,0.305,0.1,0.3415,0.1645,0.0775,0.086,7.01
113,F,0.525,0.44,0.15,0.8425,0.3685,0.1985,0.24,9.73
114,F,0.695,0.55,0.16,1.6365,0.694,0.3005,0.44,11.05
115,F,0.505,0.375,0.115,0.5895,0.2635,0.12,0.167,8.8
116,M,0.525,0.435,0.155,1.065,0.486,0.233,0.285,9.69
117,M,0.515,0.38,0.175,0.9565,0.325,0.158,0.31,14.55
118,F,0.6,0.45,0.14,0.837,0.37,0.177,0.2425,9.46
119,M,0.64,0.585,0.195,1.647,0.7225,0.331,0.471,11.66
120,F,0.615,0.5,0.175,1.377,0.5585,0.33,0.292,10.12
121,F,0.67,0.54,0.165,1.5015,0.518,0.358,0.505,15.01
122,M,0.55,0.45,0.155,0.7895,0.343,0.159,0.25,10.32
123,I,0.5,0.385,0.12,0.56,0.2835,0.103,0.135,7.7
124,M,0.595,0.47,0.15,0.8915,0.359,0.2105,0.245,9.93
125,F,0.5,0.375,0.14,0.604,0.242,0.1415,0.179,9.96
126,M,0.53,0.435,0.16,0.883,0.316,0.164,0.335,14.51
127,F,0.605,0.495,0.19,1.437,0.469,0.2655,0.41,15.24
128,I,0.495,0.355,0.12,0.4965,0.214,0.1045,0.1495,8.09
129,F,0.44,0.33,0.115,0.4005,0.143,0.113,0.12,9.65
130,F,0.595,0.44,0.135,0.964,0.5005,0.1715,0.2575,9.0
131,I,0.39,0.3,0.1,0.3085,0.1385,0.0735,0.085,7.01
132,I,0.52,0.41,0.14,0.699,0.3395,0.129,0.1945,8.5
133,I,0.41,0.33,0.105,0.335,0.1525,0.074,0.11,7.45
134,M,0.525,0.38,0.125,0.65,0.303,0.155,0.159,8.25
135,F,0.595,0.48,0.15,1.11,0.498,0.228,0.33,10.19
136,F,0.52,0.415,0.145,0.8045,0.3325,0.1725,0.285,11.67
137,F,0.4,0.305,0.16,0.368,0.173,0.0705,0.105,9.56
138,M,0.535,0.42,0.16,0.7465,0.348,0.1515,0.2185,9.34
139,F,0.465,0.36,0.12,0.4765,0.192,0.1125,0.16,9.93
140,I,0.24,0.175,0.055,0.0705,0.025,0.014,0.021,4.69
141,F,0.455,0.35,0.12,0.4555,0.1945,0.1045,0.1375,9.19
142,F,0.61,0.485,0.165,1.0915,0.3935,0.2435,0.33,12.39
143,I,0.575,0.45,0.125,0.78,0.3275,0.188,0.235,9.39
144,M,0.5,0.405,0.155,0.772,0.346,0.1535,0.245,10.21
145,M,0.645,0.525,0.16,1.5075,0.7455,0.245,0.4325,10.76
146,M,0.295,0.215,0.075,0.129,0.05,0.0295,0.04,6.77
147,F,0.535,0.45,0.135,0.8075,0.322,0.181,0.25,10.49
148,I,0.515,0.39,0.12,0.565,0.235,0.135,0.179,8.6
149,F,0.395,0.295,0.095,0.2245,0.078,0.054,0.08,9.03
150,M,0.525,0.415,0.16,0.6445,0.26,0.1575,0.22,11.03
151,M,0.63,0.485,0.18,1.2435,0.5175,0.308,0.37,11.17
152,M,0.66,0.495,0.195,1.6275,0.594,0.3595,0.485,14.43
153,F,0.45,0.355,0.105,0.5225,0.237,0.1165,0.145,8.49
154,M,0.6,0.47,0.16,1.194,0.5625,0.3045,0.2635,9.4
155,F,0.695,0.535,0.2,1.5855,0.667,0.334,0.471,11.61
156,I,0.375,0.265,0.095,0.196,0.085,0.042,0.0585,6.73
157,M,0.59,0.45,0.16,0.998,0.445,0.214,0.301,10.19
158,F,0.53,0.405,0.13,0.6355,0.2635,0.1565,0.185,9.41
159,F,0.545,0.415,0.15,0.7335,0.2795,0.163,0.2185,10.67
160,I,0.255,0.19,0.07,0.0815,0.028,0.016,0.031,5.17
161,F,0.565,0.455,0.13,1.058,0.439,0.2645,0.3,10.06
162,F,0.605,0.475,0.165,1.056,0.433,0.2195,0.357,12.05
163,F,0.615,0.475,0.17,1.055,0.543,0.246,0.2345,9.15
164,I,0.28,0.21,0.055,0.106,0.0415,0.0265,0.031,5.2
165,F,0.735,0.565,0.225,2.037,0.87,0.5145,0.5675,11.29
166,F,0.565,0.45,0.135,0.9885,0.387,0.1495,0.31,11.7
167,F,0.55,0.45,0.145,0.741,0.295,0.1435,0.2665,11.72
168,I,0.485,0.38,0.12,0.4725,0.2075,0.1075,0.147,8.14
169,M,0.565,0.45,0.16,0.895,0.415,0.195,0.246,9.35
170,M,0.615,0.47,0.175,1.242,0.5675,0.287,0.317,9.93
171,M,0.195,0.145,0.05,0.032,0.01,0.008,0.012,4.83
172,I,0.215,0.155,0.06,0.0525,0.021,0.0165,0.015,4.45
173,F,0.59,0.455,0.175,0.966,0.391,0.2455,0.31,11.35
174,F,0.495,0.4,0.155,0.6445,0.242,0.1325,0.205,11.51
175,M,0.67,0.525,0.17,1.4005,0.715,0.3025,0.387,10.21
176,M,0.6,0.475,0.19,1.0875,0.403,0.2655,0.325,12.69
177,F,0.61,0.485,0.15,1.2405,0.6025,0.2915,0.3085,9.71
178,F,0.56,0.425,0.125,0.932,0.361,0.213,0.335,12.2
179,I,0.39,0.3,0.105,0.259,0.0955,0.038,0.085,7.49
180,M,0.46,0.375,0.13,0.5735,0.2505,0.119,0.195,9.89
181,M,0.575,0.44,0.145,0.87,0.3945,0.2195,0.225,9.02
182,I,0.35,0.26,0.095,0.211,0.086,0.056,0.068,6.68
183,F,0.64,0.5,0.175,1.394,0.4935,0.291,0.4,13.25
184,F,0.64,0.475,0.19,1.151,0.4365,0.281,0.3805,13.1
185,M,0.64,0.495,0.165,1.307,0.678,0.292,0.266,9.47
186,F,0.46,0.365,0.115,0.4485,0.165,0.083,0.17,10.97
187,F,0.58,0.44,0.125,0.7855,0.363,0.1955,0.195,8.79
188,F,0.455,0.35,0.14,0.5725,0.1965,0.1325,0.175,11.33
189,F,0.645,0.5,0.15,1.159,0.4675,0.3355,0.31,10.04
190,I,0.435,0.335,0.11,0.334,0.1355,0.0775,0.0965,7.62
191,M,0.53,0.415,0.12,0.706,0.3355,0.1635,0.1345,8.04
192,M,0.66,0.515,0.2,1.6465,0.749,0.422,0.401,10.57
193,F,0.655,0.51,0.175,1.415,0.5885,0.3725,0.364,10.41
194,F,0.515,0.43,0.14,0.834,0.367,0.2,0.23,9.47
195,M,0.455,0.35,0.105,0.401,0.1575,0.083,0.135,9.32
196,I,0.2,0.15,0.04,0.046,0.021,0.007,0.0065,4.06
197,M,0.425,0.315,0.125,0.3525,0.1135,0.0565,0.13,10.78
198,M,0.46,0.38,0.135,0.482,0.207,0.1225,0.145,9.22
199,M,0.56,0.44,0.13,0.8255,0.2425,0.202,0.285,13.67
200,F,0.58,0.48,0.18,1.2495,0.4945,0.27,0.371,12.06
201,F,0.48,0.405,0.13,0.6375,0.277,0.1445,0.21,9.97
202,M,0.56,0.435,0.18,0.889,0.36,0.204,0.25,10.63
203,F,0.6,0.505,0.19,1.129,0.4385,0.256,0.36,12.72
204,M,0.715,0.55,0.175,1.825,0.938,0.3805,0.44,10.82
205,F,0.465,0.39,0.11,0.6355,0.1815,0.157,0.225,12.79
206,I,0.405,0.31,0.11,0.91,0.416,0.2075,0.0995,7.07
207,F,0.635,0.5,0.175,1.477,0.684,0.3005,0.39,10.43
208,I,0.405,0.315,0.105,0.347,0.1605,0.0785,0.1,7.21
209,F,0.65,0.52,0.195,1.281,0.5985,0.246,0.3825,10.55
210,M,0.47,0.385,0.135,0.5895,0.2765,0.12,0.17,8.81
211,M,0.505,0.39,0.105,0.6555,0.2595,0.18,0.19,9.1
212,I,0.5,0.375,0.12,0.542,0.215,0.116,0.17,8.64
213,I,0.36,0.265,0.09,0.2055,0.096,0.037,0.0585,6.52
214,F,0.535,0.425,0.135,0.771,0.3765,0.1815,0.1795,8.62
215,M,0.495,0.375,0.115,0.6245,0.282,0.143,0.155,8.28
216,I,0.555,0.43,0.125,0.7005,0.3395,0.1355,0.2095,8.59
217,F,0.61,0.495,0.19,1.213,0.464,0.306,0.365,12.13
218,F,0.705,0.535,0.18,1.685,0.693,0.42,0.4045,10.67
219,M,0.59,0.465,0.14,1.046,0.4695,0.263,0.263,9.36
220,I,0.515,0.4,0.135,0.6965,0.32,0.1255,0.175,8.35
221,I,0.53,0.395,0.125,0.6235,0.2975,0.108,0.195,8.4
222,M,0.575,0.475,0.16,1.114,0.4955,0.2745,0.29,9.78
223,M,0.545,0.42,0.125,0.9745,0.353,0.174,0.305,12.45
224,M,0.45,0.32,0.1,0.381,0.1705,0.075,0.115,8.3
225,F,0.64,0.475,0.14,1.0725,0.4895,0.2295,0.31,9.75
226,M,0.58,0.47,0.165,1.041,0.54,0.166,0.279,9.25
227,I,0.43,0.32,0.1,0.3855,0.192,0.0745,0.1,7.1
228,I,0.345,0.275,0.095,0.1995,0.0755,0.0535,0.07,6.87
229,M,0.645,0.51,0.165,1.403,0.5755,0.2515,0.4545,13.27
230,M,0.5,0.385,0.135,0.6425,0.3195,0.129,0.1535,8.15
231,M,0.745,0.565,0.215,1.931,0.896,0.4585,0.5,11.11
232,I,0.44,0.305,0.115,0.379,0.162,0.091,0.11,7.53
233,I,0.55,0.415,0.15,0.7915,0.3535,0.176,0.236,9.43
234,F,0.655,0.515,0.18,1.412,0.6195,0.2485,0.497,12.99
235,M,0.715,0.52,0.18,1.6,0.708,0.3525,0.445,11.0
236,I,0.28,0.205,0.07,0.1015,0.041,0.03,0.03,5.38
237,M,0.53,0.42,0.165,0.8945,0.319,0.239,0.245,11.3
238,F,0.64,0.515,0.165,1.3115,0.4945,0.2555,0.41,13.07
239,M,0.595,0.485,0.15,1.0835,0.5305,0.231,0.276,9.34
240,M,0.54,0.405,0.155,0.9715,0.3225,0.194,0.29,13.51
241,I,0.295,0.22,0.07,0.1365,0.0575,0.0295,0.035,5.55
242,I,0.335,0.26,0.09,0.1835,0.078,0.024,0.065,6.52
243,I,0.29,0.21,0.065,0.097,0.0375,0.022,0.03,5.44
244,F,0.65,0.545,0.23,1.752,0.5605,0.2895,0.815,16.43
245,F,0.515,0.415,0.13,0.764,0.276,0.196,0.25,11.5
246,F,0.625,0.49,0.155,1.2085,0.465,0.162,0.411,14.08
247,M,0.61,0.475,0.155,0.983,0.4565,0.228,0.266,9.39
248,F,0.57,0.44,0.19,1.018,0.447,0.207,0.265,10.02
249,F,0.61,0.49,0.17,1.137,0.4605,0.2825,0.344,11.05
250,M,0.575,0.47,0.14,0.8375,0.3485,0.1735,0.24,9.85
251,I,0.43,0.325,0.11,0.3675,0.1355,0.0935,0.12,8.0
252,I,0.32,0.23,0.06,0.129,0.0615,0.0275,0.0355,5.66
253,M,0.635,0.495,0.195,1.172,0.445,0.3115,0.3475,12.1
254,F,0.58,0.45,0.235,1.071,0.3,0.206,0.395,15.81
255,I,0.485,0.375,0.14,0.521,0.2,0.123,0.17,9.28
256,M,0.36,0.295,0.105,0.241,0.0865,0.053,0.095,9.41
257,I,0.365,0.295,0.095,0.25,0.1075,0.0545,0.08,6.94
258,I,0.33,0.26,0.08,0.19,0.0765,0.0385,0.065,6.34
259,F,0.56,0.43,0.15,0.8825,0.3465,0.172,0.31,12.45
260,M,0.515,0.395,0.12,0.646,0.285,0.1365,0.172,8.64
261,M,0.53,0.405,0.13,0.738,0.2845,0.17,0.193,9.45
262,I,0.365,0.255,0.08,0.1985,0.0785,0.0345,0.053,6.43
263,M,0.645,0.51,0.195,1.226,0.5885,0.2215,0.3745,10.67
264,F,0.665,0.515,0.185,1.3405,0.5595,0.293,0.4375,12.05
265,M,0.505,0.39,0.12,0.653,0.3315,0.1385,0.167,8.13
266,I,0.545,0.42,0.165,0.8935,0.4235,0.2195,0.228,9.32
267,I,0.605,0.47,0.145,0.8025,0.379,0.2265,0.22,9.17
268,M,0.635,0.48,0.19,1.467,0.5825,0.303,0.42,12.46
269,F,0.58,0.46,0.175,1.165,0.65,0.2205,0.3055,9.48
270,F,0.615,0.49,0.19,1.1345,0.4695,0.257,0.348,11.4
271,I,0.44,0.345,0.12,0.365,0.1655,0.083,0.11,7.7
272,I,0.185,0.135,0.045,0.032,0.011,0.0065,0.01,4.02
273,F,0.58,0.475,0.135,0.925,0.391,0.165,0.275,10.09
274,F,0.55,0.43,0.155,0.785,0.289,0.227,0.233,10.8
275,M,0.65,0.52,0.195,1.676,0.693,0.44,0.47,11.4
276,F,0.635,0.5,0.18,1.312,0.529,0.2485,0.485,14.68
277,M,0.515,0.4,0.125,0.955,0.341,0.2535,0.26,10.63
278,I,0.21,0.17,0.045,0.0475,0.019,0.011,0.013,4.3
279,I,0.52,0.395,0.115,0.6445,0.3155,0.1245,0.186,8.12
280,F,0.49,0.385,0.125,0.5395,0.2175,0.128,0.165,9.67
281,M,0.495,0.4,0.14,0.7775,0.2015,0.18,0.25,14.0
282,F,0.62,0.48,0.175,1.0405,0.464,0.2225,0.3,10.07
283,F,0.575,0.445,0.14,0.941,0.3845,0.252,0.285,10.24
284,I,0.565,0.435,0.145,0.8445,0.3975,0.158,0.255,9.43
285,F,0.64,0.525,0.215,1.779,0.4535,0.2855,0.55,16.4
286,F,0.71,0.5,0.15,1.3165,0.6835,0.2815,0.28,9.57
287,M,0.65,0.495,0.18,1.793,0.8005,0.339,0.53,11.81
288,I,0.39,0.28,0.09,0.215,0.0845,0.034,0.079,7.05
289,F,0.61,0.43,0.14,0.909,0.438,0.2,0.22,8.93
290,M,0.65,0.505,0.18,1.469,0.7115,0.3335,0.38,10.31
291,I,0.475,0.365,0.12,0.5185,0.268,0.1095,0.1365,7.61
292,I,0.455,0.335,0.135,0.501,0.274,0.0995,0.1065,7.33
293,I,0.44,0.32,0.095,0.3275,0.1495,0.059,0.1,7.26
294,F,0.62,0.5,0.175,1.146,0.477,0.23,0.39,12.38
295,I,0.46,0.365,0.115,0.511,0.2365,0.118,0.123,7.62
296,M,0.57,0.48,0.175,1.185,0.474,0.261,0.38,12.94
297,F,0.51,0.4,0.13,0.5735,0.219,0.1365,0.195,10.66
298,F,0.53,0.405,0.15,0.889,0.4055,0.2275,0.215,9.13
299,I,0.37,0.28,0.085,0.217,0.1095,0.035,0.062,6.54
300,I,0.25,0.175,0.06,0.0635,0.0275,0.008,0.02,4.82
301,I,0.365,0.275,0.09,0.2345,0.108,0.051,0.0625,6.58
302,F,0.61,0.47,0.165,1.1785,0.566,0.2785,0.294,9.64
303,M,0.45,0.345,0.105,0.4115,0.18,0.1125,0.135,8.69
304,F,0.575,0.46,0.185,1.094,0.4485,0.217,0.345,12.21
305,I,0.275,0.195,0.09,0.1125,0.0545,0.0295,0.0355,5.55
306,M,0.63,0.515,0.155,1.259,0.4105,0.197,0.41,15.42
307,M,0.57,0.48,0.18,0.9395,0.399,0.2,0.295,11.27
308,I,0.22,0.165,0.055,0.0545,0.0215,0.012,0.02,4.49
309,M,0.38,0.235,0.1,0.258,0.1055,0.054,0.08,8.2
310,I,0.245,0.205,0.06,0.0765,0.034,0.014,0.0215,4.93
311,M,0.5,0.4,0.13,0.7715,0.37,0.16,0.211,8.69
312,F,0.36,0.265,0.09,0.2065,0.078,0.057,0.06,7.96
313,F,0.635,0.5,0.18,1.2565,0.539,0.292,0.35,10.47
314,I,0.45,0.35,0.14,0.474,0.21,0.109,0.1275,8.02
315,I,0.405,0.3,0.11,0.32,0.172,0.044,0.093,6.99
316,F,0.515,0.4,0.17,0.796,0.258,0.1755,0.28,14.13
317,F,0.575,0.465,0.195,0.9965,0.417,0.247,0.47,15.35
318,F,0.695,0.535,0.175,1.8385,0.8035,0.396,0.503,11.12
319,F,0.38,0.305,0.095,0.2815,0.1255,0.0525,0.09,8.34
320,M,0.64,0.51,0.19,1.613,0.6215,0.361,0.47,13.11
321,I,0.52,0.395,0.125,0.663,0.3005,0.131,0.1905,8.45
322,F,0.58,0.45,0.155,0.93,0.385,0.246,0.265,10.01
323,I,0.34,0.265,0.07,0.185,0.0625,0.0395,0.07,6.44
324,F,0.55,0.415,0.135,0.775,0.302,0.179,0.26,11.09
325,I,0.575,0.455,0.155,0.8725,0.349,0.2095,0.285,10.97
326,M,0.67,0.525,0.195,1.4405,0.6595,0.2675,0.425,11.18
327,I,0.525,0.385,0.13,0.607,0.2355,0.125,0.195,9.31
328,F,0.645,0.51,0.16,1.2415,0.5815,0.276,0.315,9.81
329,I,0.515,0.385,0.125,0.572,0.237,0.1435,0.165,8.45
330,F,0.605,0.485,0.16,1.201,0.417,0.2875,0.38,13.56
331,F,0.6,0.48,0.165,1.1345,0.4535,0.27,0.335,11.05
332,F,0.615,0.515,0.135,1.1215,0.545,0.2305,0.29,9.47
333,M,0.635,0.485,0.18,1.1795,0.4785,0.2775,0.355,11.51
334,F,0.63,0.5,0.16,1.22,0.4905,0.3,0.345,10.66
335,F,0.535,0.415,0.17,0.879,0.295,0.1965,0.285,13.69
336,M,0.535,0.43,0.14,0.7165,0.2855,0.1595,0.2155,10.13
337,M,0.655,0.525,0.16,1.46,0.686,0.311,0.405,10.56
338,M,0.605,0.455,0.16,1.1215,0.533,0.273,0.271,9.34
339,M,0.615,0.46,0.17,1.0565,0.4815,0.272,0.27,9.46
340,M,0.62,0.49,0.15,1.195,0.4605,0.302,0.355,11.41
341,F,0.395,0.3,0.105,0.3375,0.1435,0.0755,0.098,8.55
342,M,0.57,0.435,0.145,0.9055,0.3925,0.2355,0.275,9.87
343,I,0.57,0.445,0.155,0.867,0.3705,0.1705,0.28,10.53
344,M,0.615,0.475,0.155,1.0735,0.4375,0.2585,0.31,10.56
345,I,0.505,0.385,0.12,0.6005,0.239,0.142,0.185,8.78
346,M,0.65,0.51,0.175,1.3165,0.6345,0.2605,0.364,10.24
347,F,0.675,0.53,0.175,1.4465,0.6775,0.33,0.389,10.31
348,F,0.515,0.405,0.12,0.646,0.2895,0.1405,0.177,8.84
349,F,0.585,0.45,0.16,0.9045,0.405,0.2215,0.2335,9.35
350,I,0.52,0.395,0.135,0.633,0.2985,0.1295,0.175,8.32
351,M,0.615,0.48,0.18,1.1595,0.4845,0.2165,0.325,11.08
352,I,0.465,0.36,0.105,0.452,0.22,0.159,0.1035,7.45
353,M,0.49,0.39,0.15,0.573,0.225,0.124,0.17,10.17
354,I,0.56,0.425,0.135,0.8205,0.3715,0.185,0.236,9.2
355,M,0.57,0.46,0.155,1.0005,0.454,0.205,0.265,9.54
356,M,0.545,0.425,0.135,0.8445,0.373,0.21,0.235,9.23
357,I,0.445,0.335,0.1,0.4895,0.2745,0.086,0.1105,7.05
358,F,0.66,0.525,0.16,1.277,0.4975,0.319,0.394,11.47
359,I,0.415,0.325,0.1,0.3215,0.1535,0.0595,0.105,7.28
360,I,0.275,0.205,0.07,0.1055,0.495,0.019,0.0315,5.14
361,M,0.62,0.46,0.16,0.9505,0.4915,0.2,0.228,8.78
362,F,0.475,0.38,0.145,0.57,0.167,0.118,0.187,12.67
363,M,0.625,0.495,0.175,1.254,0.5815,0.286,0.3185,9.93
364,F,0.66,0.53,0.17,1.326,0.519,0.2625,0.44,13.22
365,I,0.375,0.285,0.09,0.2545,0.119,0.0595,0.0675,6.68
366,M,0.635,0.515,0.165,1.229,0.5055,0.2975,0.3535,10.9
367,I,0.4,0.295,0.095,0.252,0.1105,0.0575,0.066,6.94
368,M,0.58,0.455,0.15,1.012,0.4985,0.2115,0.2835,9.35
369,I,0.285,0.22,0.065,0.096,0.0405,0.0205,0.03,5.44
370,I,0.51,0.4,0.15,0.745,0.2865,0.1675,0.235,10.52
371,M,0.625,0.5,0.17,1.0985,0.4645,0.22,0.354,11.7
372,I,0.41,0.3,0.1,0.282,0.1255,0.057,0.0875,7.16
373,M,0.72,0.57,0.2,1.8275,0.919,0.366,0.485,11.04
374,I,0.515,0.42,0.135,0.711,0.337,0.144,0.205,8.66
375,I,0.47,0.35,0.135,0.567,0.2315,0.1465,0.1525,8.34
376,M,0.545,0.45,0.16,0.8615,0.2925,0.1545,0.365,15.09
377,I,0.545,0.425,0.14,0.8145,0.305,0.231,0.244,10.23
378,M,0.63,0.515,0.165,1.352,0.488,0.349,0.45,14.3
379,I,0.355,0.27,0.105,0.271,0.1425,0.0525,0.0735,6.58
380,F,0.605,0.485,0.16,1.0565,0.37,0.2355,0.355,13.65
381,M,0.61,0.475,0.155,1.168,0.554,0.239,0.3295,9.92
382,M,0.63,0.465,0.15,1.027,0.537,0.188,0.176,8.52
383,I,0.31,0.215,0.075,0.1275,0.0565,0.0275,0.036,5.72
384,F,0.65,0.5,0.19,1.464,0.6415,0.339,0.4245,10.86
385,M,0.465,0.36,0.13,0.5265,0.2105,0.1185,0.165,9.78
386,I,0.375,0.26,0.08,0.2075,0.09,0.0415,0.07,6.56
387,F,0.46,0.425,0.155,0.746,0.3005,0.152,0.24,11.6
388,F,0.695,0.53,0.2,2.0475,0.75,0.4195,0.6095,14.72
389,I,0.285,0.225,0.07,0.1005,0.0425,0.0185,0.035,5.57
390,M,0.63,0.48,0.15,1.271,0.6605,0.2425,0.31,9.58
391,M,0.525,0.425,0.12,0.702,0.3335,0.1465,0.22,8.99
392,I,0.2,0.155,0.04,0.0435,0.0155,0.009,0.007,4.11
393,M,0.68,0.54,0.195,1.7825,0.5565,0.3235,0.4285,15.03
394,F,0.67,0.55,0.155,1.566,0.858,0.339,0.354,10.11
395,I,0.53,0.42,0.13,0.8365,0.3745,0.167,0.249,9.3
396,M,0.625,0.485,0.16,1.2135,0.631,0.2235,0.302,9.51
397,F,0.615,0.485,0.16,1.1575,0.5005,0.2495,0.315,10.12
398,M,0.575,0.47,0.165,0.853,0.292,0.179,0.35,14.77
399,M,0.61,0.475,0.15,1.142,0.62,0.237,0.245,9.03
400,F,0.585,0.435,0.175,0.982,0.4055,0.2495,0.27,10.21
401,I,0.42,0.315,0.115,0.355,0.1895,0.065,0.087,7.07
402,M,0.615,0.49,0.17,1.145,0.4915,0.208,0.343,11.2
403,M,0.575,0.48,0.15,0.9465,0.4355,0.2605,0.2505,9.27
404,F,0.555,0.42,0.14,0.868,0.33,0.243,0.21,9.59
405,M,0.655,0.52,0.165,1.4095,0.586,0.291,0.405,11.41
406,M,0.595,0.475,0.17,1.0965,0.419,0.229,0.35,13.05
407,I,0.45,0.335,0.11,0.4195,0.181,0.085,0.1345,7.8
408,M,0.645,0.51,0.155,1.539,0.6405,0.3585,0.43,11.16
409,M,0.69,0.53,0.21,1.583,0.7355,0.405,0.3865,10.43
410,F,0.505,0.39,0.115,0.66,0.3045,0.1555,0.175,8.63
411,I,0.47,0.375,0.12,0.487,0.196,0.099,0.135,8.15
412,F,0.5,0.4,0.165,0.7105,0.27,0.1455,0.225,11.88
413,F,0.57,0.45,0.16,0.9715,0.3965,0.255,0.26,10.0
414,F,0.33,0.26,0.08,0.2,0.0625,0.05,0.07,7.94
415,I,0.36,0.27,0.095,0.2,0.073,0.056,0.061,6.84
416,I,0.51,0.395,0.105,0.5525,0.234,0.127,0.165,8.19
417,I,0.385,0.29,0.1,0.2575,0.1,0.061,0.086,7.24
418,I,0.62,0.47,0.155,0.966,0.447,0.171,0.284,10.01
419,M,0.155,0.115,0.025,0.024,0.009,0.005,0.0075,4.1
420,M,0.57,0.45,0.155,1.1935,0.513,0.21,0.343,10.93
421,I,0.25,0.18,0.06,0.073,0.028,0.017,0.0225,4.86
422,M,0.5,0.42,0.125,0.62,0.255,0.15,0.205,9.96
423,F,0.645,0.52,0.18,1.285,0.5775,0.352,0.317,9.94
424,M,0.685,0.51,0.18,1.4545,0.6315,0.3105,0.3725,10.61
425,F,0.56,0.43,0.125,0.8025,0.313,0.1715,0.263,10.79
426,F,0.565,0.45,0.165,0.887,0.37,0.239,0.249,9.98
427,F,0.69,0.55,0.18,1.659,0.8715,0.2655,0.4395,10.58
428,M,0.56,0.44,0.16,1.1115,0.5035,0.2785,0.26,9.37
429,M,0.575,0.45,0.185,0.925,0.342,0.197,0.35,14.58
430,M,0.615,0.495,0.2,1.219,0.564,0.227,0.3885,11.45
431,M,0.325,0.24,0.085,0.173,0.0795,0.038,0.05,7.25
432,F,0.645,0.485,0.15,1.151,0.5935,0.2315,0.293,9.44
433,F,0.62,0.515,0.155,1.3255,0.6685,0.2605,0.335,9.88
434,M,0.5,0.4,0.13,0.6645,0.258,0.133,0.24,11.53
435,M,0.425,0.335,0.1,0.4085,0.1755,0.092,0.135,8.77
436,I,0.595,0.46,0.15,0.8335,0.377,0.1925,0.235,9.43
437,I,0.52,0.38,0.125,0.5545,0.288,0.1295,0.167,7.97
438,F,0.585,0.45,0.125,0.874,0.3545,0.2075,0.225,9.38
439,F,0.58,0.46,0.18,1.0515,0.4095,0.2595,0.276,10.62
440,M,0.67,0.525,0.18,1.4915,0.728,0.343,0.381,10.33
441,I,0.315,0.23,0.08,0.1375,0.0545,0.031,0.0445,6.0
442,M,0.47,0.37,0.13,0.5225,0.201,0.133,0.165,9.95
443,F,0.5,0.38,0.155,0.655,0.2405,0.143,0.205,11.54
444,F,0.56,0.435,0.15,0.8715,0.4755,0.1835,0.1835,8.57
445,F,0.665,0.555,0.195,1.4385,0.581,0.354,0.36,10.61
446,F,0.465,0.35,0.13,0.494,0.1945,0.103,0.155,10.09
447,I,0.165,0.12,0.05,0.021,0.0075,0.0045,0.014,3.95
448,M,0.6,0.45,0.16,1.142,0.539,0.225,0.307,9.72
449,F,0.65,0.5,0.17,1.4045,0.694,0.318,0.3235,9.93
450,F,0.625,0.49,0.155,1.33,0.6675,0.259,0.33,9.85
451,M,0.565,0.39,0.125,0.744,0.352,0.13,0.1685,8.22
452,I,0.44,0.35,0.11,0.3805,0.1575,0.0895,0.115,7.78
453,M,0.555,0.44,0.15,0.755,0.307,0.1525,0.26,11.34
454,F,0.535,0.425,0.155,0.7765,0.302,0.1565,0.25,11.52
455,F,0.625,0.49,0.145,0.92,0.437,0.1735,0.28,9.5
456,I,0.205,0.15,0.065,0.04,0.02,0.011,0.013,4.42
457,I,0.48,0.35,0.105,0.635,0.352,0.127,0.135,7.34
458,M,0.365,0.295,0.08,0.2555,0.097,0.043,0.1,8.56
459,M,0.555,0.45,0.145,0.915,0.4,0.246,0.285,10.02
460,M,0.27,0.195,0.07,0.106,0.0465,0.018,0.036,6.15
461,M,0.715,0.535,0.19,1.6755,0.889,0.313,0.42,10.61
462,F,0.71,0.565,0.195,1.817,0.785,0.492,0.49,10.86
463,F,0.545,0.43,0.16,0.844,0.3945,0.1855,0.231,9.34
464,F,0.565,0.49,0.155,0.9245,0.405,0.2195,0.255,9.67
465,I,0.48,0.36,0.125,0.542,0.2795,0.1025,0.147,7.68
466,F,0.75,0.55,0.195,1.8325,0.83,0.366,0.44,10.83
467,I,0.425,0.38,0.105,0.3265,0.1285,0.0785,0.1,7.84
468,F,0.62,0.47,0.225,1.115,0.378,0.2145,0.36,15.11
469,I,0.235,0.175,0.08,0.0645,0.0215,0.0175,0.0215,5.06
470,M,0.545,0.41,0.14,0.737,0.349,0.15,0.212,8.9
471,I,0.54,0.405,0.15,0.7585,0.307,0.2075,0.19,9.12
472,I,0.535,0.4,0.145,0.705,0.3065,0.1365,0.22,9.33
473,I,0.59,0.445,0.135,0.7715,0.328,0.1745,0.23,9.39
474,M,0.41,0.3,0.1,0.301,0.124,0.069,0.09,8.43
475,M,0.6,0.475,0.23,1.157,0.522,0.2235,0.36,11.93
476,F,0.59,0.475,0.155,0.9715,0.371,0.235,0.28,10.77
477,M,0.635,0.515,0.17,1.275,0.509,0.286,0.34,10.95
478,I,0.255,0.19,0.05,0.083,0.0295,0.0215,0.027,4.83
479,M,0.68,0.515,0.17,1.6115,0.8415,0.306,0.395,10.44
480,M,0.53,0.41,0.14,0.7545,0.3495,0.1715,0.2105,8.93
481,I,0.395,0.3,0.12,0.2995,0.1265,0.068,0.0895,7.47
482,I,0.555,0.425,0.145,0.7905,0.3485,0.1765,0.225,9.27
483,I,0.53,0.395,0.115,0.475,0.2025,0.101,0.148,8.22
484,M,0.66,0.53,0.175,1.583,0.7395,0.3505,0.405,10.62
485,F,0.635,0.505,0.145,1.1345,0.505,0.2655,0.315,9.86
486,M,0.575,0.47,0.15,0.9785,0.4505,0.196,0.276,9.63
487,F,0.575,0.47,0.155,1.116,0.509,0.238,0.34,10.29
488,F,0.59,0.45,0.16,0.9,0.358,0.156,0.315,12.49
489,F,0.475,0.4,0.115,0.541,0.186,0.1025,0.21,11.99
490,M,0.775,0.57,0.22,2.032,0.735,0.4755,0.6585,15.54
491,F,0.455,0.355,1.13,0.594,0.332,0.116,0.1335,14.49
492,M,0.725,0.505,0.185,1.978,1.026,0.4255,0.4505,10.84
493,I,0.575,0.45,0.135,0.8715,0.45,0.162,0.225,8.84
494,I,0.33,0.245,0.065,0.1445,0.058,0.032,0.0505,6.0
495,F,0.615,0.475,0.175,1.194,0.559,0.259,0.3165,9.89
496,F,0.6,0.465,0.16,1.133,0.466,0.2885,0.298,10.12
497,I,0.16,0.12,0.02,0.018,0.0075,0.0045,0.005,3.61
498,F,0.635,0.505,0.185,1.3035,0.501,0.295,0.41,12.85
499,F,0.61,0.485,0.165,1.087,0.4255,0.232,0.38,13.08
500,F,0.41,0.325,0.105,0.3635,0.159,0.077,0.12,8.94
501,I,0.45,0.36,0.125,0.45,0.191,0.0865,0.145,8.29
502,F,0.675,0.54,0.21,1.593,0.686,0.318,0.45,11.31
503,F,0.595,0.45,0.165,1.081,0.49,0.2525,0.279,9.67
504,F,0.62,0.51,0.175,1.1255,0.4985,0.227,0.315,10.18
505,I,0.485,0.365,0.09,0.651,0.3165,0.132,0.18,7.68
506,F,0.575,0.45,0.135,0.8285,0.362,0.1655,0.236,9.46
507,I,0.42,0.325,0.125,0.3915,0.1575,0.1025,0.115,7.91
508,M,0.55,0.435,0.145,0.843,0.328,0.1915,0.255,10.8
509,M,0.425,0.325,0.12,0.3755,0.142,0.1065,0.105,9.04
510,I,0.375,0.29,0.095,0.213,0.096,0.041,0.061,6.83
511,M,0.47,0.37,0.135,0.547,0.222,0.1325,0.17,9.76
512,F,0.575,0.46,0.16,1.103,0.538,0.221,0.249,9.3
513,M,0.65,0.515,0.185,1.3745,0.75,0.1805,0.369,10.09
514,I,0.54,0.425,0.13,0.8155,0.3675,0.1365,0.246,9.25
515,F,0.58,0.45,0.17,0.9705,0.4615,0.232,0.248,9.34
516,F,0.475,0.39,0.12,0.5305,0.2135,0.1155,0.17,9.88
517,F,0.545,0.44,0.15,0.9475,0.366,0.239,0.275,10.79
518,I,0.52,0.415,0.16,0.595,0.2105,0.142,0.26,13.21
519,I,0.325,0.245,0.075,0.1495,0.0605,0.033,0.045,6.06
520,I,0.43,0.34,0.12,0.3575,0.151,0.0645,0.1045,7.77
521,I,0.285,0.215,0.07,0.1075,0.051,0.0225,0.027,5.42
522,M,0.56,0.445,0.16,0.8965,0.42,0.2175,0.2215,8.97
523,I,0.54,0.42,0.14,0.74,0.3595,0.159,0.1985,8.61
524,F,0.44,0.34,0.13,0.4195,0.153,0.1155,0.13,10.17
525,M,0.645,0.495,0.15,1.2095,0.603,0.2225,0.339,9.83
526,F,0.595,0.475,0.17,1.247,0.48,0.225,0.425,14.31
527,F,0.635,0.505,0.165,1.251,0.577,0.227,0.3825,10.56
528,M,0.55,0.44,0.155,0.9155,0.3645,0.195,0.25,10.36
529,M,0.695,0.55,0.205,2.173,1.133,0.4665,0.496,11.15
530,M,0.655,0.58,0.205,2.0805,0.959,0.3415,0.601,12.1
531,M,0.295,0.23,0.085,0.125,0.042,0.0285,0.043,7.41
532,M,0.315,0.25,0.09,0.203,0.0615,0.037,0.0795,8.44
533,I,0.36,0.27,0.085,0.196,0.0905,0.034,0.053,6.47
534,I,0.435,0.335,0.1,0.3245,0.135,0.0785,0.098,7.48
535,I,0.54,0.415,0.11,0.619,0.2755,0.15,0.1765,8.31
536,I,0.415,0.325,0.1,0.4665,0.2285,0.1065,0.114,7.1
537,M,0.62,0.495,0.175,1.806,0.643,0.3285,0.725,16.47
538,M,0.445,0.35,0.12,0.4425,0.192,0.0955,0.135,8.94
539,M,0.72,0.6,0.235,2.2385,0.984,0.411,0.621,12.13
540,I,0.41,0.305,0.095,0.2625,0.1,0.0515,0.09,7.39
541,M,0.635,0.525,0.16,1.195,0.5435,0.246,0.335,10.2
542,F,0.72,0.58,0.195,2.103,1.0265,0.48,0.5375,11.05
543,F,0.47,0.355,0.18,0.441,0.1525,0.1165,0.135,11.56
544,F,0.595,0.465,0.14,1.113,0.5175,0.244,0.305,9.69
545,I,0.54,0.39,0.125,0.6255,0.2525,0.158,0.19,8.84
546,M,0.37,0.28,0.1,0.252,0.1065,0.0595,0.074,8.21
547,I,0.37,0.28,0.085,0.198,0.0805,0.0455,0.058,6.7
548,M,0.445,0.35,0.115,0.3615,0.1565,0.0695,0.117,9.0
549,F,0.63,0.5,0.17,1.3135,0.5595,0.267,0.4,11.23
550,I,0.62,0.475,0.16,0.907,0.371,0.167,0.3075,11.47
551,I,0.42,0.345,0.115,0.3435,0.1515,0.0795,0.115,7.79
552,M,0.47,0.38,0.145,0.5865,0.2385,0.144,0.185,10.17
553,M,0.56,0.45,0.185,1.07,0.3805,0.175,0.41,15.62
554,F,0.55,0.415,0.18,1.1655,0.502,0.301,0.311,10.27
555,F,0.62,0.5,0.17,1.148,0.5475,0.22,0.3315,9.98
556,F,0.68,0.505,0.17,1.3435,0.657,0.297,0.355,10.0
557,I,0.35,0.265,0.085,0.1735,0.0775,0.034,0.056,6.47
558,F,0.525,0.43,0.165,0.717,0.289,0.1745,0.195,10.01
559,I,0.265,0.195,0.06,0.092,0.0345,0.025,0.0245,5.05
560,I,0.32,0.255,0.1,0.1755,0.073,0.0415,0.065,6.61
561,I,0.13,0.095,0.035,0.0105,0.005,0.0065,0.0035,3.53
562,M,0.625,0.455,0.17,1.082,0.4955,0.2345,0.315,10.02
563,M,0.45,0.335,0.14,0.478,0.1865,0.115,0.16,10.32
564,I,0.48,0.365,0.1,0.461,0.2205,0.0835,0.135,7.58
565,M,0.55,0.385,0.13,0.7275,0.343,0.1625,0.19,8.47
566,F,0.61,0.46,0.155,0.957,0.4255,0.1975,0.265,9.64
567,F,0.615,0.47,0.175,1.2985,0.5135,0.343,0.32,10.38
568,F,0.7,0.525,0.19,1.6015,0.707,0.365,0.43,10.7
569,I,0.36,0.265,0.085,0.1865,0.0675,0.037,0.0615,6.69
570,I,0.41,0.325,0.105,0.361,0.1605,0.0665,0.103,7.33
571,I,0.35,0.25,0.075,0.1695,0.0835,0.0355,0.041,6.14
572,F,0.605,0.485,0.165,1.0105,0.435,0.209,0.3,10.35
573,I,0.34,0.26,0.09,0.179,0.076,0.0525,0.055,6.48
574,I,0.51,0.39,0.125,0.597,0.293,0.1265,0.1555,7.96
575,F,0.745,0.585,0.19,1.966,0.8435,0.437,0.5855,11.63
576,I,0.385,0.29,0.09,0.2615,0.111,0.0595,0.0745,6.86
577,F,0.655,0.52,0.175,1.472,0.6275,0.27,0.45,11.7
578,I,0.43,0.34,0.11,0.3645,0.159,0.0855,0.105,7.55
579,F,0.6,0.475,0.16,1.0265,0.485,0.2495,0.2565,9.37
580,M,0.545,0.42,0.145,0.778,0.3745,0.1545,0.205,8.72
581,M,0.565,0.415,0.125,0.667,0.302,0.1545,0.185,8.68
582,F,0.62,0.48,0.18,1.2215,0.582,0.2695,0.313,9.83
583,I,0.325,0.24,0.075,0.152,0.065,0.0305,0.045,6.0
584,M,0.53,0.405,0.125,0.6515,0.2715,0.1605,0.186,9.1
585,F,0.75,0.615,0.205,2.2635,0.821,0.423,0.726,15.94
586,I,0.29,0.215,0.065,0.0985,0.0425,0.021,0.031,5.45
587,I,0.625,0.485,0.15,1.044,0.438,0.2865,0.278,10.23
588,M,0.37,0.28,0.105,0.224,0.0815,0.0575,0.075,8.87
589,M,0.675,0.54,0.175,1.5545,0.6645,0.278,0.512,13.21
590,F,0.375,0.29,0.08,0.282,0.1405,0.0725,0.08,7.37
591,F,0.505,0.41,0.15,0.6345,0.243,0.1335,0.215,11.52
592,M,0.525,0.4,0.13,0.622,0.2655,0.147,0.184,9.16
593,I,0.175,0.125,0.05,0.0235,0.008,0.0035,0.008,3.99
594,I,0.43,0.325,0.105,0.309,0.119,0.08,0.098,7.65
595,M,0.21,0.15,0.05,0.0385,0.0155,0.0085,0.01,4.86
596,I,0.405,0.3,0.09,0.269,0.103,0.067,0.11,7.49
597,F,0.6,0.475,0.15,1.0075,0.4425,0.221,0.28,9.77
598,I,0.545,0.405,0.135,0.5945,0.27,0.1185,0.185,8.63
599,M,0.645,0.51,0.16,1.33,0.6665,0.309,0.317,9.79
600,F,0.625,0.52,0.18,1.354,0.4845,0.351,0.375,12.02
601,I,0.4,0.31,0.1,0.127,0.106,0.071,0.085,7.08
602,M,0.725,0.565,0.215,1.891,0.6975,0.4725,0.58,14.37
603,M,0.67,0.54,0.195,1.217,0.532,0.2735,0.3315,10.42
604,I,0.33,0.225,0.075,0.187,0.0945,0.0395,0.0425,5.81
605,M,0.56,0.415,0.145,0.852,0.43,0.1885,0.205,8.51
606,F,0.675,0.535,0.185,1.5575,0.7035,0.402,0.4,10.42
607,M,0.62,0.475,0.195,1.3585,0.5935,0.3365,0.3745,10.66
608,F,0.72,0.575,0.195,2.1505,1.0745,0.382,0.585,11.39
609,M,0.33,0.245,0.085,0.171,0.0655,0.0365,0.055,7.67
610,I,0.485,0.375,0.13,0.5535,0.266,0.112,0.157,8.01
611,M,0.465,0.36,0.125,0.4365,0.169,0.1075,0.145,9.8
612,I,0.63,0.505,0.18,1.272,0.6025,0.295,0.315,10.59
613,F,0.415,0.305,0.105,0.3605,0.12,0.082,0.1,9.32
614,M,0.555,0.42,0.145,0.8695,0.3075,0.2575,0.25,10.85
615,M,0.57,0.46,0.17,0.9035,0.4075,0.1935,0.214,9.1
616,F,0.5,0.385,0.115,0.6785,0.2945,0.138,0.195,9.12
617,F,0.56,0.435,0.185,1.106,0.422,0.2435,0.33,12.57
618,I,0.52,0.41,0.12,0.595,0.2385,0.111,0.19,8.97
619,F,0.715,0.565,0.18,1.79,0.844,0.3535,0.5385,11.16
620,F,0.47,0.375,0.12,0.6015,0.2765,0.1455,0.135,8.34
621,I,0.5,0.375,0.14,0.5495,0.248,0.112,0.1585,8.33
622,F,0.455,0.355,0.12,0.4495,0.177,0.104,0.15,10.0
623,M,0.72,0.565,0.2,2.1055,1.017,0.363,0.494,11.43
624,I,0.565,0.42,0.155,0.743,0.31,0.186,0.231,9.77
625,M,0.43,0.35,0.11,0.406,0.1675,0.081,0.135,9.29
626,I,0.565,0.43,0.15,0.8215,0.332,0.1685,0.29,11.36
627,I,0.34,0.25,0.07,0.2225,0.104,0.0425,0.055,6.0
628,M,0.535,0.405,0.185,0.8345,0.3175,0.1725,0.29,13.48
629,I,0.29,0.21,0.07,0.1115,0.048,0.0205,0.03,5.46
630,I,0.48,0.355,0.11,0.4495,0.201,0.089,0.14,7.84
631,I,0.37,0.29,0.08,0.2545,0.108,0.0565,0.07,6.65
632,I,0.34,0.26,0.085,0.1885,0.0815,0.0335,0.06,6.4
633,M,0.575,0.45,0.135,0.9215,0.354,0.209,0.2365,9.85
634,M,0.505,0.4,0.13,0.764,0.3035,0.189,0.2175,9.76
635,F,0.715,0.525,0.185,1.56,0.6655,0.383,0.405,10.57
636,I,0.615,0.46,0.19,1.066,0.4335,0.226,0.33,11.85
637,M,0.52,0.385,0.165,0.791,0.375,0.18,0.1815,8.52
638,F,0.625,0.49,0.11,1.136,0.5265,0.1915,0.2925,9.44
639,M,0.505,0.395,0.125,0.635,0.29,0.1555,0.175,8.61
640,M,0.505,0.4,0.155,0.8415,0.2715,0.1775,0.285,14.03
641,F,0.72,0.595,0.225,1.969,0.8045,0.423,0.66,14.3
642,M,0.48,0.355,0.16,0.464,0.221,0.106,0.239,12.13
643,M,0.685,0.535,0.175,1.432,0.637,0.247,0.46,12.07
644,M,0.65,0.525,0.185,1.3455,0.586,0.278,0.3865,11.07
645,M,0.585,0.45,0.15,1.047,0.4315,0.276,0.315,10.53
646,I,0.27,0.205,0.05,0.084,0.03,0.0185,0.029,5.05
647,M,0.63,0.505,0.15,1.3165,0.6325,0.2465,0.37,10.24
648,I,0.44,0.34,0.12,0.438,0.2115,0.083,0.12,7.52
649,M,0.61,0.485,0.145,1.3305,0.783,0.2255,0.2865,9.35
650,I,0.42,0.325,0.1,0.368,0.1675,0.0625,0.1135,7.34
651,F,0.725,0.565,0.21,2.1425,1.03,0.487,0.503,11.0
652,F,0.47,0.375,0.105,0.513,0.232,0.142,0.13,8.35
653,I,0.355,0.255,0.08,0.187,0.078,0.0505,0.058,6.4
654,M,0.61,0.485,0.175,1.2445,0.544,0.297,0.345,10.44
655,M,0.43,0.335,0.12,0.397,0.1985,0.0865,0.1035,8.04
656,M,0.59,0.455,0.145,1.073,0.475,0.19,0.285,9.79
657,F,0.635,0.51,0.17,1.2235,0.532,0.271,0.354,10.47
658,M,0.63,0.495,0.175,1.2695,0.605,0.271,0.328,9.95
659,M,0.665,0.535,0.155,1.383,0.596,0.2565,0.485,13.09
660,F,0.67,0.55,0.19,1.3905,0.5425,0.3035,0.4,11.78
661,M,0.565,0.455,0.185,0.9265,0.354,0.1575,0.375,15.02
662,M,0.54,0.42,0.19,0.6855,0.293,0.163,0.38,14.85
663,M,0.35,0.255,0.065,0.179,0.0705,0.0385,0.06,7.28
664,M,0.47,0.37,0.105,0.4665,0.2025,0.1015,0.155,8.97
665,M,0.46,0.36,0.135,0.6105,0.1955,0.107,0.235,13.07
666,I,0.565,0.46,0.155,0.8715,0.3755,0.215,0.25,9.85
667,I,0.32,0.215,0.095,0.305,0.14,0.067,0.0885,6.01
668,M,0.58,0.45,0.175,1.068,0.425,0.203,0.32,12.1
669,I,0.44,0.325,0.11,0.4965,0.258,0.1195,0.1075,7.16
670,F,0.72,0.545,0.185,1.7185,0.7925,0.401,0.468,10.74
671,M,0.58,0.44,0.15,1.0465,0.518,0.2185,0.2795,9.25
672,F,0.62,0.51,0.205,1.3475,0.4775,0.2565,0.48,15.81
673,M,0.515,0.4,0.16,0.8175,0.2515,0.156,0.3,14.59
674,M,0.465,0.36,0.115,0.5795,0.295,0.1395,0.12,7.71
675,I,0.45,0.35,0.11,0.514,0.253,0.1045,0.14,7.51
676,I,0.36,0.265,0.075,0.1845,0.083,0.0365,0.055,6.37
677,M,0.605,0.475,0.175,1.201,0.5395,0.275,0.309,9.96
678,M,0.645,0.53,0.195,1.39,0.6465,0.2945,0.3735,10.49
679,F,0.605,0.45,0.195,1.098,0.481,0.2895,0.315,10.31
680,M,0.59,0.475,0.16,0.9455,0.3815,0.184,0.27,10.69
681,M,0.57,0.44,0.095,0.827,0.3395,0.2215,0.235,9.17
682,I,0.55,0.43,0.145,0.7895,0.3745,0.171,0.223,9.02
683,M,0.62,0.47,0.15,1.309,0.587,0.4405,0.325,9.75
684,I,0.4,0.32,0.095,0.348,0.194,0.053,0.087,6.82
685,I,0.17,0.125,0.055,0.0235,0.009,0.0055,0.008,4.01
686,F,0.45,0.345,0.12,0.4165,0.1655,0.095,0.135,9.74
687,I,0.425,0.34,0.1,0.3515,0.1625,0.082,0.094,7.27
688,F,0.525,0.4,0.135,0.714,0.318,0.138,0.208,9.36
689,F,0.58,0.435,0.15,0.834,0.428,0.1515,0.23,8.9
690,M,0.59,0.455,0.155,0.8855,0.388,0.188,0.275,10.18
691,I,0.245,0.19,0.06,0.086,0.042,0.014,0.025,4.81
692,I,0.59,0.46,0.145,0.9015,0.419,0.1785,0.26,9.59
693,F,0.625,0.505,0.175,1.15,0.5475,0.256,0.3045,9.74
694,I,0.235,0.18,0.06,0.058,0.022,0.0145,0.018,4.75
695,F,0.68,0.56,0.195,1.664,0.58,0.3855,0.545,15.45
696,M,0.58,0.455,0.195,1.859,0.945,0.426,0.441,10.58
697,F,0.67,0.525,0.195,1.42,0.573,0.368,0.3905,10.89
698,I,0.4,0.31,0.1,0.2875,0.1145,0.0635,0.095,7.4
699,I,0.56,0.43,0.13,0.728,0.3355,0.1435,0.2175,8.87
700,I,0.55,0.425,0.155,0.8725,0.412,0.187,0.2425,9.36
701,M,0.52,0.39,0.12,0.6435,0.2885,0.157,0.161,8.39
702,M,0.56,0.425,0.135,0.9415,0.509,0.2015,0.1975,8.4
703,M,0.61,0.48,0.185,1.3065,0.6895,0.2915,0.29,9.55
704,M,0.585,0.49,0.185,1.171,0.522,0.2535,0.335,10.61
705,I,0.455,0.325,0.135,0.82,0.4005,0.1715,0.211,8.15
706,I,0.505,0.385,0.125,0.596,0.245,0.097,0.21,9.42
707,I,0.31,0.235,0.07,0.151,0.063,0.0405,0.045,5.8
708,F,0.46,0.365,0.125,0.4785,0.206,0.1045,0.141,9.23
709,M,0.545,0.435,0.145,0.9385,0.3685,0.1245,0.345,13.86
710,F,0.675,0.53,0.195,1.4985,0.62,0.375,0.425,11.02
711,I,0.475,0.36,0.11,0.452,0.191,0.099,0.13,7.85
712,I,0.475,0.365,0.115,0.499,0.232,0.0885,0.156,7.94
713,I,0.55,0.42,0.13,0.636,0.294,0.144,0.1755,8.42
714,M,0.645,0.51,0.19,1.4865,0.6445,0.296,0.425,11.44
715,M,0.42,0.345,0.105,0.43,0.175,0.096,0.13,8.9
716,M,0.7,0.55,0.2,1.523,0.693,0.306,0.4405,11.13
717,M,0.37,0.285,0.1,0.228,0.0675,0.0675,0.081,9.26
718,M,0.565,0.43,0.13,0.784,0.3495,0.1885,0.213,8.94
719,F,0.665,0.53,0.18,1.491,0.6345,0.342,0.435,11.04
720,M,0.44,0.35,0.14,0.451,0.171,0.0705,0.184,11.72
721,I,0.35,0.25,0.07,0.1605,0.0715,0.0335,0.046,6.15
722,M,0.49,0.39,0.135,0.592,0.242,0.096,0.1835,10.05
723,F,0.505,0.4,0.165,0.729,0.2675,0.155,0.25,12.82
724,M,0.565,0.44,0.175,0.9025,0.31,0.193,0.325,14.47
725,F,0.605,0.48,0.14,0.991,0.4735,0.2345,0.24,9.15
726,F,0.58,0.45,0.195,0.8265,0.4035,0.173,0.225,9.3
727,M,0.52,0.4,0.12,0.58,0.234,0.1315,0.185,9.59
728,F,0.47,0.36,0.12,0.4775,0.2105,0.1055,0.15,9.19
729,I,0.33,0.23,0.08,0.14,0.0565,0.0365,0.046,6.11
730,M,0.565,0.45,0.155,1.0595,0.4735,0.24,0.265,9.5
731,M,0.585,0.405,0.15,1.2565,0.435,0.202,0.325,12.91
732,M,0.53,0.405,0.15,0.8315,0.352,0.187,0.2525,10.19
733,F,0.44,0.34,0.135,0.3975,0.1505,0.0945,0.135,10.53
734,I,0.48,0.39,0.15,0.6275,0.276,0.134,0.185,8.89
735,M,0.515,0.42,0.14,0.769,0.2505,0.154,0.29,13.92
736,M,0.55,0.43,0.16,0.9295,0.317,0.1735,0.355,14.94
737,F,0.635,0.505,0.17,1.2635,0.512,0.322,0.355,10.68
738,M,0.655,0.535,0.205,1.6445,0.7305,0.3595,0.46,11.27
739,M,0.505,0.385,0.15,0.6415,0.246,0.152,0.215,11.19
740,I,0.4,0.31,0.115,0.314,0.1545,0.0595,0.087,7.17
741,I,0.55,0.425,0.135,0.656,0.257,0.17,0.203,9.37
742,I,0.495,0.39,0.125,0.6655,0.284,0.162,0.2,8.76
743,I,0.35,0.255,0.09,0.1785,0.0855,0.0305,0.0525,6.4
744,I,0.475,0.385,0.11,0.5735,0.311,0.1025,0.136,7.5
745,M,0.615,0.48,0.19,1.36,0.5305,0.2375,0.47,15.3
746,F,0.52,0.4,0.125,0.6865,0.295,0.1715,0.185,9.04
747,F,0.62,0.48,0.16,1.1125,0.5635,0.2445,0.281,9.42
748,I,0.545,0.43,0.15,0.7285,0.302,0.1315,0.2545,10.66
749,M,0.45,0.36,0.16,0.567,0.174,0.1245,0.225,13.38
750,M,0.605,0.5,0.175,1.098,0.4765,0.232,0.375,12.08
751,I,0.34,0.25,0.075,0.1765,0.0785,0.0405,0.05,6.14
752,F,0.65,0.475,0.165,1.3875,0.58,0.3485,0.3095,10.06
753,M,0.575,0.445,0.14,0.737,0.325,0.1405,0.237,9.83
754,M,0.69,0.55,0.195,1.777,0.769,0.38,0.4305,11.07
755,F,0.6,0.47,0.135,0.97,0.4655,0.1955,0.264,9.25
756,I,0.31,0.225,0.05,0.1445,0.0675,0.0385,0.045,5.44
757,I,0.36,0.27,0.09,0.232,0.12,0.0435,0.056,6.42
758,M,0.605,0.475,0.19,1.1255,0.59,0.247,0.26,9.19
759,F,0.5,0.395,0.15,0.7145,0.3235,0.173,0.195,9.25
760,M,0.645,0.485,0.15,1.2215,0.5695,0.2735,0.33,9.88
761,M,0.63,0.505,0.175,1.221,0.555,0.252,0.34,10.32
762,I,0.5,0.395,0.12,0.537,0.2165,0.1085,0.1785,8.84
763,I,0.435,0.34,0.115,0.3925,0.1825,0.078,0.1145,7.55
764,I,0.525,0.43,0.15,0.7365,0.3225,0.161,0.215,9.29
765,M,0.47,0.37,0.18,0.51,0.1915,0.1285,0.1625,11.32
766,M,0.69,0.55,0.2,1.8465,0.732,0.472,0.57,12.93
767,F,0.575,0.475,0.16,0.895,0.3605,0.221,0.271,10.6
768,I,0.385,0.285,0.09,0.248,0.0935,0.066,0.07,6.93
769,I,0.515,0.35,0.105,0.4745,0.213,0.123,0.1275,7.67
770,M,0.605,0.47,0.18,1.1155,0.479,0.2565,0.321,10.6
771,F,0.59,0.445,0.13,1.1325,0.3825,0.234,0.32,12.22
772,F,0.415,0.325,0.105,0.38,0.1595,0.0785,0.12,9.0
773,I,0.415,0.325,0.1,0.313,0.139,0.0625,0.0965,7.32
774,F,0.56,0.445,0.155,1.224,0.5565,0.3225,0.2695,9.63
775,I,0.5,0.385,0.12,0.516,0.197,0.1305,0.165,8.74
776,I,0.53,0.42,0.155,0.81,0.4725,0.111,0.192,8.23
777,I,0.665,0.5,0.17,1.2975,0.6035,0.291,0.3595,10.88
778,F,0.37,0.29,0.115,0.25,0.111,0.057,0.075,8.66
779,F,0.46,0.36,0.115,0.4755,0.2105,0.105,0.16,9.35
780,I,0.29,0.215,0.06,0.1115,0.053,0.0185,0.032,5.33
781,I,0.47,0.355,0.145,0.4485,0.156,0.102,0.123,8.87
782,I,0.51,0.395,0.13,0.6025,0.281,0.143,0.162,8.19
783,M,0.565,0.45,0.115,0.9085,0.398,0.197,0.29,9.92
784,M,0.65,0.525,0.185,1.488,0.665,0.337,0.378,10.56
785,F,0.575,0.46,0.165,0.9575,0.4815,0.1945,0.236,9.09
786,M,0.61,0.48,0.165,1.244,0.6345,0.257,0.305,9.6
787,F,0.635,0.485,0.165,1.2945,0.668,0.2605,0.2715,9.56
788,M,0.585,0.46,0.145,0.9335,0.478,0.1825,0.235,8.81
789,I,0.52,0.4,0.11,0.597,0.2935,0.1155,0.16,7.9
790,M,0.545,0.45,0.15,0.8795,0.387,0.15,0.2625,10.16
791,I,0.52,0.395,0.145,0.77,0.424,0.142,0.1895,8.2
792,M,0.375,0.3,0.1,0.2465,0.104,0.0475,0.083,8.59
793,F,0.485,0.365,0.15,0.9145,0.4145,0.199,0.273,10.02
794,M,0.575,0.475,0.145,0.857,0.3665,0.173,0.269,10.34
795,F,0.655,0.515,0.2,1.494,0.7255,0.309,0.405,10.42
796,M,0.56,0.45,0.14,0.9,0.472,0.182,0.218,8.6
797,M,0.18,0.125,0.05,0.023,0.0085,0.0055,0.01,4.65
798,I,0.485,0.37,0.14,0.5065,0.2425,0.088,0.1465,8.08
799,I,0.3,0.23,0.075,0.127,0.052,0.03,0.0345,5.76
800,I,0.57,0.45,0.145,0.751,0.2825,0.2195,0.2215,9.87
801,I,0.395,0.3,0.09,0.253,0.1155,0.05,0.075,6.91
802,F,0.605,0.48,0.175,1.1685,0.4815,0.2305,0.356,11.55
803,M,0.56,0.46,0.235,0.8395,0.3325,0.157,0.305,14.33
804,M,0.495,0.395,0.125,0.5415,0.2375,0.1345,0.155,8.79
805,F,0.45,0.365,0.115,0.5885,0.318,0.121,0.1325,7.88
806,I,0.44,0.325,0.09,0.35,0.148,0.067,0.105,7.32
807,M,0.515,0.39,0.155,0.7125,0.3695,0.137,0.155,8.08
808,M,0.65,0.525,0.205,1.4275,0.69,0.306,0.4355,10.86
809,M,0.58,0.45,0.12,0.8685,0.418,0.1475,0.2605,9.15
810,I,0.535,0.415,0.15,0.5765,0.3595,0.135,0.225,8.42
811,F,0.49,0.355,0.16,0.8795,0.3485,0.215,0.2825,11.92
812,M,0.54,0.405,0.125,0.891,0.4815,0.1915,0.202,8.29
813,I,0.53,0.405,0.13,0.6615,0.2945,0.1395,0.19,8.6
814,F,0.35,0.275,0.065,0.205,0.0745,0.0465,0.07,7.49
815,I,0.48,0.35,0.1,0.519,0.2365,0.1275,0.126,7.51
816,I,0.225,0.165,0.055,0.059,0.027,0.0125,0.015,4.48
817,I,0.375,0.28,0.08,0.2165,0.0935,0.0925,0.07,6.69
818,M,0.72,0.55,0.205,2.125,1.1455,0.4425,0.511,11.15
819,F,0.575,0.46,0.15,0.927,0.333,0.207,0.2985,12.35
820,I,0.525,0.375,0.12,0.6315,0.3045,0.114,0.19,8.18
821,M,0.65,0.495,0.17,1.276,0.6215,0.2305,0.399,10.59
822,F,0.585,0.46,0.15,1.0035,0.503,0.2105,0.2515,9.16
823,I,0.525,0.405,0.145,0.6965,0.3045,0.1535,0.21,9.14
824,F,0.47,0.35,0.115,0.487,0.1955,0.127,0.155,9.52
825,F,0.62,0.465,0.14,1.011,0.479,0.2385,0.255,9.25
826,M,0.6,0.49,0.21,1.9875,1.005,0.419,0.491,10.99
827,M,0.505,0.38,0.13,0.656,0.227,0.1785,0.22,11.37
828,I,0.475,0.35,0.125,0.4225,0.1905,0.079,0.1355,8.02
829,M,0.55,0.46,0.175,0.869,0.3155,0.1825,0.32,14.17
830,M,0.45,0.335,0.125,0.4475,0.2165,0.126,0.11,8.0
831,F,0.71,0.54,0.205,1.5805,0.802,0.287,0.435,10.51
832,I,0.485,0.355,0.105,0.498,0.2175,0.096,0.1525,7.88
833,I,0.405,0.305,0.1,0.268,0.1145,0.053,0.085,7.23
834,F,0.6,0.47,0.2,1.031,0.392,0.2035,0.29,11.99
